method,qid,qtype,question,relevant,first_relevant_rank,top5,hit@1,recall@1,mrr@1,ndcg@1,hit@3,recall@3,mrr@3,ndcg@3,hit@5,recall@5,mrr@5,ndcg@5,hit@8,recall@8,mrr@8,ndcg@8
bm25_clean,q001,definition,How does the book formally define what it means for a computer program to learn?,[9],1,"[9, 1, 42, 11, 390]",1.0,1.0,1.0,1.0,1.0,1.0,1.0,1.0,1.0,1.0,1.0,1.0,1.0,1.0,1.0,1.0
bm25_clean,q002,factoid,Which system drove unassisted at 70 miles per hour for 90 miles on public highways?,[10],1,"[10, 255, 258, 254, 15]",1.0,1.0,1.0,1.0,1.0,1.0,1.0,1.0,1.0,1.0,1.0,1.0,1.0,1.0,1.0,1.0
bm25_clean,q003,factoid,"What was NASA's decision tree system used to classify, and how big was the sky survey data?",[11],1,"[11, 224, 335, 1021, 218]",1.0,1.0,1.0,1.0,1.0,1.0,1.0,1.0,1.0,1.0,1.0,1.0,1.0,1.0,1.0,1.0
bm25_clean,q004,concept,What is the credit assignment problem when a checkers learner only gets indirect feedback?,[17],1,"[17, 42, 1097, 1143, 39]",1.0,1.0,1.0,1.0,1.0,1.0,1.0,1.0,1.0,1.0,1.0,1.0,1.0,1.0,1.0,1.0
bm25_clean,q005,reasoning,Why is it risky for the checkers program to train only on games played against itself?,[18],2,"[20, 18, 53, 26, 9]",0.0,0.0,0.0,0.0,1.0,1.0,0.5,0.6309297535714575,1.0,1.0,0.5,0.6309297535714575,1.0,1.0,0.5,0.6309297535714575
bm25_clean,q006,procedural,How does the checkers learner assign training values to intermediate board states?,[29],1,"[29, 17, 23, 19, 26]",1.0,1.0,1.0,1.0,1.0,1.0,1.0,1.0,1.0,1.0,1.0,1.0,1.0,1.0,1.0,1.0
bm25_clean,q007,procedural,What is the LMS weight update rule and what does it do for each training example?,[32],1,"[32, 281, 52, 267, 493]",1.0,1.0,1.0,1.0,1.0,1.0,1.0,1.0,1.0,1.0,1.0,1.0,1.0,1.0,1.0,1.0
bm25_clean,q008,definition,"In the EnjoySport task, what kinds of constraints can a hypothesis place on each attribute?",[66],1,"[66, 69, 752, 73, 131]",1.0,1.0,1.0,1.0,1.0,1.0,1.0,1.0,1.0,1.0,1.0,1.0,1.0,1.0,1.0,1.0
bm25_clean,q009,definition,State the inductive learning hypothesis.,"[72, 71]",1,"[71, 952, 921, 923, 999]",1.0,0.5,1.0,1.0,1.0,0.5,1.0,0.6131471927654584,1.0,0.5,1.0,0.6131471927654584,1.0,0.5,1.0,0.6131471927654584
bm25_clean,q010,definition,When is one hypothesis considered more general than or equal to another?,[76],2,"[96, 76, 390, 42, 749]",0.0,0.0,0.0,0.0,1.0,1.0,0.5,0.6309297535714575,1.0,1.0,0.5,0.6309297535714575,1.0,1.0,0.5,0.6309297535714575
bm25_clean,q011,procedural,How does the FIND-S algorithm search for a hypothesis?,"[80, 81]",2,"[84, 80, 111, 638, 85]",0.0,0.0,0.0,0.0,1.0,0.5,0.5,0.38685280723454163,1.0,0.5,0.5,0.38685280723454163,1.0,0.5,0.5,0.38685280723454163
bm25_clean,q012,concept,"What does the Candidate-Elimination algorithm output, and what limits its practical use?",[85],2,"[110, 85, 224, 118, 646]",0.0,0.0,0.0,0.0,1.0,1.0,0.5,0.6309297535714575,1.0,1.0,0.5,0.6309297535714575,1.0,1.0,0.5,0.6309297535714575
bm25_clean,q013,reasoning,Why can a conjunctive hypothesis space not learn the concept 'Sky = Sunny or Sky = Cloudy'?,[112],1,"[112, 115, 69, 107, 66]",1.0,1.0,1.0,1.0,1.0,1.0,1.0,1.0,1.0,1.0,1.0,1.0,1.0,1.0,1.0,1.0
bm25_clean,q014,concept,Why is bias-free learning considered futile?,[117],5,"[956, 1205, 181, 184, 117]",0.0,0.0,0.0,0.0,0.0,0.0,0.0,0.0,1.0,1.0,0.2,0.38685280723454163,1.0,1.0,0.2,0.38685280723454163
bm25_clean,q015,definition,"What does entropy measure in decision tree learning, and what is its value when all examples are in one class?","[164, 166]",3,"[842, 207, 164, 223, 168]",0.0,0.0,0.0,0.0,1.0,0.5,0.3333333333333333,0.3065735963827292,1.0,0.5,0.3333333333333333,0.3065735963827292,1.0,1.0,0.3333333333333333,0.5
bm25_clean,q016,definition,What is information gain?,[168],3,"[163, 207, 168, 171, 222]",0.0,0.0,0.0,0.0,1.0,1.0,0.3333333333333333,0.5,1.0,1.0,0.3333333333333333,0.5,1.0,1.0,0.3333333333333333,0.5
bm25_clean,q017,factoid,What is Occam's razor and roughly when did William of Occam discuss it?,[183],1,"[183, 187, 186, 185, 495]",1.0,1.0,1.0,1.0,1.0,1.0,1.0,1.0,1.0,1.0,1.0,1.0,1.0,1.0,1.0,1.0
bm25_clean,q018,definition,How does the book formally define overfitting of a hypothesis?,[190],,"[40, 1, 71, 357, 111]",0.0,0.0,0.0,0.0,0.0,0.0,0.0,0.0,0.0,0.0,0.0,0.0,0.0,0.0,0.0,0.0
bm25_clean,q019,procedural,How does reduced-error pruning decide which decision nodes to prune?,[196],1,"[196, 198, 200, 352, 194]",1.0,1.0,1.0,1.0,1.0,1.0,1.0,1.0,1.0,1.0,1.0,1.0,1.0,1.0,1.0,1.0
bm25_clean,q020,procedural,What are the steps of rule post-pruning as used by C4.5?,"[200, 201]",1,"[200, 201, 863, 1187, 838]",1.0,0.5,1.0,1.0,1.0,1.0,1.0,1.0,1.0,1.0,1.0,1.0,1.0,1.0,1.0,1.0
bm25_clean,q021,procedural,How can ID3 handle a continuous-valued attribute such as Temperature?,[204],1,"[204, 890, 205, 188, 176]",1.0,1.0,1.0,1.0,1.0,1.0,1.0,1.0,1.0,1.0,1.0,1.0,1.0,1.0,1.0,1.0
bm25_clean,q022,reasoning,"Why does information gain favor attributes like Date, and what alternative measure fixes this?","[207, 208]",1,"[207, 208, 163, 179, 216]",1.0,0.5,1.0,1.0,1.0,1.0,1.0,1.0,1.0,1.0,1.0,1.0,1.0,1.0,1.0,1.0
bm25_clean,q023,factoid,What is the input to ALVINN's neural network?,[254],1,"[254, 260, 333, 258, 255]",1.0,1.0,1.0,1.0,1.0,1.0,1.0,1.0,1.0,1.0,1.0,1.0,1.0,1.0,1.0,1.0
bm25_clean,q024,definition,What does a perceptron compute?,[262],4,"[656, 361, 362, 262, 265]",0.0,0.0,0.0,0.0,0.0,0.0,0.0,0.0,1.0,1.0,0.25,0.43067655807339306,1.0,1.0,0.25,0.43067655807339306
bm25_clean,q025,concept,"When can the perceptron training rule fail to converge, and which rule addresses this?",[270],1,"[270, 267, 269, 282, 1131]",1.0,1.0,1.0,1.0,1.0,1.0,1.0,1.0,1.0,1.0,1.0,1.0,1.0,1.0,1.0,1.0
bm25_clean,q026,concept,What are the two main practical difficulties with gradient descent?,[279],1,"[279, 356, 281, 305, 364]",1.0,1.0,1.0,1.0,1.0,1.0,1.0,1.0,1.0,1.0,1.0,1.0,1.0,1.0,1.0,1.0
bm25_clean,q027,definition,What error does the Backpropagation algorithm try to minimize?,[292],3,"[31, 363, 292, 1009, 345]",0.0,0.0,0.0,0.0,1.0,1.0,0.3333333333333333,0.5,1.0,1.0,0.3333333333333333,0.5,1.0,1.0,0.3333333333333333,0.5
bm25_clean,q028,concept,What is the momentum term in Backpropagation and why is it useful?,"[298, 299]",1,"[299, 298, 312, 315, 974]",1.0,0.5,1.0,1.0,1.0,1.0,1.0,1.0,1.0,1.0,1.0,1.0,1.0,1.0,1.0,1.0
bm25_clean,q029,concept,Is Backpropagation guaranteed to find the global minimum error?,"[305, 356]",2,"[294, 305, 278, 279, 273]",0.0,0.0,0.0,0.0,1.0,0.5,0.5,0.38685280723454163,1.0,0.5,0.5,0.38685280723454163,1.0,1.0,0.5,0.5802792108518124
bm25_clean,q030,concept,What kinds of functions can be represented by a network with two layers of units?,[309],1,"[309, 334, 356, 315, 265]",1.0,1.0,1.0,1.0,1.0,1.0,1.0,1.0,1.0,1.0,1.0,1.0,1.0,1.0,1.0,1.0
bm25_clean,q031,reasoning,Why is training until the training error falls below a threshold a poor stopping criterion for Backpropagation?,[319],1,"[319, 297, 634, 689, 1008]",1.0,1.0,1.0,1.0,1.0,1.0,1.0,1.0,1.0,1.0,1.0,1.0,1.0,1.0,1.0,1.0
bm25_clean,q032,factoid,How many images were in the face recognition dataset and at what resolution?,[329],1,"[329, 333, 334, 327, 48]",1.0,1.0,1.0,1.0,1.0,1.0,1.0,1.0,1.0,1.0,1.0,1.0,1.0,1.0,1.0,1.0
bm25_clean,q033,definition,What are recurrent neural networks?,"[348, 357]",4,"[349, 1214, 351, 348, 1222]",0.0,0.0,0.0,0.0,0.0,0.0,0.0,0.0,1.0,0.5,0.25,0.2640681225725909,1.0,1.0,0.25,0.45749452618986164
bm25_clean,q034,definition,What is the difference between sample error and true error of a hypothesis?,[398],1,"[398, 448, 415, 400, 592]",1.0,1.0,1.0,1.0,1.0,1.0,1.0,1.0,1.0,1.0,1.0,1.0,1.0,1.0,1.0,1.0
bm25_clean,q035,numeric,"If a hypothesis makes 12 errors on 40 independent test examples, what is the approximate 95% confidence interval for its true error?","[418, 400]",1,"[400, 448, 401, 418, 430]",1.0,0.5,1.0,1.0,1.0,0.5,1.0,0.6131471927654584,1.0,1.0,1.0,0.8772153153380493,1.0,1.0,1.0,0.8772153153380493
bm25_clean,q036,procedural,How can we statistically compare two learning algorithms rather than two hypotheses?,[434],1,"[434, 999, 493, 76, 789]",1.0,1.0,1.0,1.0,1.0,1.0,1.0,1.0,1.0,1.0,1.0,1.0,1.0,1.0,1.0,1.0
bm25_clean,q037,numeric,"In the cancer lab-test example, what fraction of the population has the disease and how accurate is the test?",[470],1,"[470, 559, 212, 448, 442]",1.0,1.0,1.0,1.0,1.0,1.0,1.0,1.0,1.0,1.0,1.0,1.0,1.0,1.0,1.0,1.0
bm25_clean,q038,concept,Under what conditions does every consistent learner output a MAP hypothesis?,[478],3,"[477, 479, 478, 559, 481]",0.0,0.0,0.0,0.0,1.0,1.0,0.3333333333333333,0.5,1.0,1.0,0.3333333333333333,0.5,1.0,1.0,0.3333333333333333,0.5
bm25_clean,q039,concept,How does the Minimum Description Length principle relate to MAP hypotheses?,[495],2,"[497, 495, 555, 561, 187]",0.0,0.0,0.0,0.0,1.0,1.0,0.5,0.6309297535714575,1.0,1.0,0.5,0.6309297535714575,1.0,1.0,0.5,0.6309297535714575
bm25_clean,q040,concept,What does the Gibbs algorithm do and why is it used instead of the Bayes optimal classifier?,[504],3,"[464, 506, 504, 555, 841]",0.0,0.0,0.0,0.0,1.0,1.0,0.3333333333333333,0.5,1.0,1.0,0.3333333333333333,0.5,1.0,1.0,0.3333333333333333,0.5
bm25_clean,q041,concept,How does the naive Bayes learner form its hypothesis without searching the hypothesis space?,[510],1,"[510, 1007, 461, 507, 509]",1.0,1.0,1.0,1.0,1.0,1.0,1.0,1.0,1.0,1.0,1.0,1.0,1.0,1.0,1.0,1.0
bm25_clean,q042,reasoning,"Why are simple frequency estimates problematic for naive Bayes when counts are small, and what fixes it?","[513, 514]",17,"[520, 509, 1139, 510, 525]",0.0,0.0,0.0,0.0,0.0,0.0,0.0,0.0,0.0,0.0,0.0,0.0,0.0,0.0,0.0,0.0
bm25_clean,q043,numeric,How accurate was naive Bayes at classifying usenet articles into 20 newsgroups?,"[523, 521]",1,"[521, 524, 522, 517, 523]",1.0,0.5,1.0,1.0,1.0,0.5,1.0,0.6131471927654584,1.0,1.0,1.0,0.8503449055347546,1.0,1.0,1.0,0.8503449055347546
bm25_clean,q044,definition,When is a random variable X conditionally independent of Y given Z?,[528],1,"[528, 551, 550, 532, 403]",1.0,1.0,1.0,1.0,1.0,1.0,1.0,1.0,1.0,1.0,1.0,1.0,1.0,1.0,1.0,1.0
bm25_clean,q045,definition,What is sample complexity in computational learning theory?,[597],15,"[1189, 584, 616, 582, 13]",0.0,0.0,0.0,0.0,0.0,0.0,0.0,0.0,0.0,0.0,0.0,0.0,0.0,0.0,0.0,0.0
bm25_clean,q046,definition,What is an agnostic learner?,[603],3,"[651, 104, 603, 42, 954]",0.0,0.0,0.0,0.0,1.0,1.0,0.3333333333333333,0.5,1.0,1.0,0.3333333333333333,0.5,1.0,1.0,0.3333333333333333,0.5
bm25_clean,q047,definition,How is the Vapnik-Chervonenkis dimension of a hypothesis space defined?,[622],1,"[622, 618, 1178, 1232, 357]",1.0,1.0,1.0,1.0,1.0,1.0,1.0,1.0,1.0,1.0,1.0,1.0,1.0,1.0,1.0,1.0
bm25_clean,q048,procedural,How does the HALVING algorithm make predictions?,[642],1,"[642, 649, 954, 111, 644]",1.0,1.0,1.0,1.0,1.0,1.0,1.0,1.0,1.0,1.0,1.0,1.0,1.0,1.0,1.0,1.0
bm25_clean,q049,procedural,How does k-nearest neighbor classify a new instance with a discrete-valued target?,[674],1,"[674, 675, 671, 698, 678]",1.0,1.0,1.0,1.0,1.0,1.0,1.0,1.0,1.0,1.0,1.0,1.0,1.0,1.0,1.0,1.0
bm25_clean,q050,procedural,How does distance-weighted nearest neighbor weight each neighbor's vote?,[678],2,"[680, 678, 674, 675, 698]",0.0,0.0,0.0,0.0,1.0,1.0,0.5,0.6309297535714575,1.0,1.0,0.5,0.6309297535714575,1.0,1.0,0.5,0.6309297535714575
bm25_clean,q051,factoid,What is the CADET system and how many designs does its library contain?,[699],1,"[699, 704, 42, 700, 705]",1.0,1.0,1.0,1.0,1.0,1.0,1.0,1.0,1.0,1.0,1.0,1.0,1.0,1.0,1.0,1.0
bm25_clean,q052,concept,What is the difference between lazy and eager learning methods?,[706],3,"[707, 710, 706, 716, 1208]",0.0,0.0,0.0,0.0,1.0,1.0,0.3333333333333333,0.5,1.0,1.0,0.3333333333333333,0.5,1.0,1.0,0.3333333333333333,0.5
bm25_clean,q053,concept,What is a key advantage of radial basis function networks over Backpropagation-trained networks?,[697],1,"[697, 694, 1221, 1214, 544]",1.0,1.0,1.0,1.0,1.0,1.0,1.0,1.0,1.0,1.0,1.0,1.0,1.0,1.0,1.0,1.0
bm25_clean,q054,concept,How do genetic algorithms generate new hypotheses?,[735],1,"[735, 1199, 734, 789, 739]",1.0,1.0,1.0,1.0,1.0,1.0,1.0,1.0,1.0,1.0,1.0,1.0,1.0,1.0,1.0,1.0
bm25_clean,q055,procedural,How does the crossover operator produce offspring in a genetic algorithm?,[744],1,"[744, 736, 753, 789, 739]",1.0,1.0,1.0,1.0,1.0,1.0,1.0,1.0,1.0,1.0,1.0,1.0,1.0,1.0,1.0,1.0
bm25_clean,q056,definition,What is tournament selection in genetic algorithms?,[749],1,"[749, 760, 1228, 791, 800]",1.0,1.0,1.0,1.0,1.0,1.0,1.0,1.0,1.0,1.0,1.0,1.0,1.0,1.0,1.0,1.0
bm25_clean,q057,concept,What did Lamarck propose about evolution?,[779],,"[1072, 778, 41, 104, 435]",0.0,0.0,0.0,0.0,0.0,0.0,0.0,0.0,0.0,0.0,0.0,0.0,0.0,0.0,0.0,0.0
bm25_clean,q058,concept,How does the Baldwin effect say individual learning can speed up evolution?,[784],2,"[781, 784, 800, 961, 783]",0.0,0.0,0.0,0.0,1.0,1.0,0.5,0.6309297535714575,1.0,1.0,0.5,0.6309297535714575,1.0,1.0,0.5,0.6309297535714575
bm25_clean,q059,definition,What is a sequential covering algorithm?,"[825, 826, 836, 886]",1,"[826, 886, 836, 890, 833]",1.0,0.25,1.0,1.0,1.0,0.75,1.0,1.0,1.0,0.75,1.0,0.8318724637288826,1.0,0.75,1.0,0.8318724637288826
bm25_clean,q060,concept,How do the rules learned by FOIL differ from general Horn clauses?,[850],1,"[850, 1053, 1067, 942, 862]",1.0,1.0,1.0,1.0,1.0,1.0,1.0,1.0,1.0,1.0,1.0,1.0,1.0,1.0,1.0,1.0
bm25_clean,q061,concept,What does it mean to view induction as inverted deduction?,[864],17,"[866, 1007, 888, 146, 42]",0.0,0.0,0.0,0.0,0.0,0.0,0.0,0.0,0.0,0.0,0.0,0.0,0.0,0.0,0.0,0.0
bm25_clean,q062,definition,When is a domain theory considered correct and complete?,[927],1,"[927, 930, 945, 961, 970]",1.0,1.0,1.0,1.0,1.0,1.0,1.0,1.0,1.0,1.0,1.0,1.0,1.0,1.0,1.0,1.0
bm25_clean,q063,factoid,What kind of domain theory does the KBANN algorithm assume?,"[1013, 1065]",1,"[1013, 947, 1055, 946, 1017]",1.0,0.5,1.0,1.0,1.0,0.5,1.0,0.6131471927654584,1.0,0.5,1.0,0.6131471927654584,1.0,0.5,1.0,0.6131471927654584
bm25_clean,q064,concept,What extra information does TANGENTPROP use during training?,"[1028, 1027, 1066]",4,"[1037, 325, 867, 1066, 1036]",0.0,0.0,0.0,0.0,0.0,0.0,0.0,0.0,1.0,0.3333333333333333,0.25,0.20210734650054757,1.0,1.0,0.25,0.5173087569496825
bm25_clean,q065,numeric,How many games did TD-GAMMON train on to become nearly equal to the best human players?,[1097],1,"[1097, 11, 1132, 1138, 38]",1.0,1.0,1.0,1.0,1.0,1.0,1.0,1.0,1.0,1.0,1.0,1.0,1.0,1.0,1.0,1.0
bm25_clean,q066,definition,How is the Q function defined in Q learning?,"[1110, 1143]",3,"[1112, 1118, 1143, 1110, 552]",0.0,0.0,0.0,0.0,1.0,0.5,0.3333333333333333,0.3065735963827292,1.0,1.0,0.3333333333333333,0.5706417189553201,1.0,1.0,0.3333333333333333,0.5706417189553201
bm25_clean,q067,reasoning,Why is it risky for a Q learning agent to always pick the action with the highest current Q value?,"[1123, 1124]",2,"[1110, 1123, 1115, 1113, 1121]",0.0,0.0,0.0,0.0,1.0,0.5,0.5,0.38685280723454163,1.0,0.5,0.5,0.38685280723454163,1.0,0.5,0.5,0.38685280723454163
bm25_clean,q068,definition,What is temporal difference learning?,"[1133, 1143]",4,"[1232, 63, 1170, 1143, 431]",0.0,0.0,0.0,0.0,0.0,0.0,0.0,0.0,1.0,0.5,0.25,0.2640681225725909,1.0,0.5,0.25,0.2640681225725909
bm25_clean,q069,concept,Why is the lookup-table representation of Q a limitation?,[1136],2,"[1137, 1136, 1121, 1122, 1138]",0.0,0.0,0.0,0.0,1.0,1.0,0.5,0.6309297535714575,1.0,1.0,0.5,0.6309297535714575,1.0,1.0,0.5,0.6309297535714575
chroma,q001,definition,How does the book formally define what it means for a computer program to learn?,[9],,"[636, 636, 636, 636, 636]",0.0,0.0,0.0,0.0,0.0,0.0,0.0,0.0,0.0,0.0,0.0,0.0,0.0,0.0,0.0,0.0
chroma,q002,factoid,Which system drove unassisted at 70 miles per hour for 90 miles on public highways?,[10],6,"[255, 255, 255, 255, 255]",0.0,0.0,0.0,0.0,0.0,0.0,0.0,0.0,0.0,0.0,0.0,0.0,1.0,1.0,0.16666666666666666,1.0050053972270843
chroma,q003,factoid,"What was NASA's decision tree system used to classify, and how big was the sky survey data?",[11],6,"[232, 232, 232, 232, 232]",0.0,0.0,0.0,0.0,0.0,0.0,0.0,0.0,0.0,0.0,0.0,0.0,1.0,1.0,0.16666666666666666,1.0050053972270843
chroma,q004,concept,What is the credit assignment problem when a checkers learner only gets indirect feedback?,[17],1,"[17, 17, 17, 17, 17]",1.0,1.0,1.0,1.0,1.0,1.0,1.0,2.1309297535714578,1.0,1.0,1.0,2.9484591188793923,1.0,1.0,1.0,2.9484591188793923
chroma,q005,reasoning,Why is it risky for the checkers program to train only on games played against itself?,[18],11,"[20, 20, 20, 20, 20]",0.0,0.0,0.0,0.0,0.0,0.0,0.0,0.0,0.0,0.0,0.0,0.0,0.0,0.0,0.0,0.0
chroma,q006,procedural,How does the checkers learner assign training values to intermediate board states?,[29],1,"[29, 29, 29, 29, 29]",1.0,1.0,1.0,1.0,1.0,1.0,1.0,2.1309297535714578,1.0,1.0,1.0,2.9484591188793923,1.0,1.0,1.0,2.9484591188793923
chroma,q007,procedural,What is the LMS weight update rule and what does it do for each training example?,[32],1,"[32, 32, 32, 32, 32]",1.0,1.0,1.0,1.0,1.0,1.0,1.0,2.1309297535714578,1.0,1.0,1.0,2.9484591188793923,1.0,1.0,1.0,2.9484591188793923
chroma,q008,definition,"In the EnjoySport task, what kinds of constraints can a hypothesis place on each attribute?",[66],1,"[66, 66, 66, 66, 66]",1.0,1.0,1.0,1.0,1.0,1.0,1.0,2.1309297535714578,1.0,1.0,1.0,2.9484591188793923,1.0,1.0,1.0,2.9484591188793923
chroma,q009,definition,State the inductive learning hypothesis.,"[72, 71]",1,"[71, 71, 71, 71, 71]",1.0,0.5,1.0,1.0,1.0,0.5,1.0,1.3065735963827294,1.0,0.5,1.0,1.8078394317246163,1.0,1.0,1.0,2.4240556697485376
chroma,q010,definition,When is one hypothesis considered more general than or equal to another?,[76],6,"[882, 882, 882, 882, 882]",0.0,0.0,0.0,0.0,0.0,0.0,0.0,0.0,0.0,0.0,0.0,0.0,1.0,1.0,0.16666666666666666,1.0050053972270843
chroma,q011,procedural,How does the FIND-S algorithm search for a hypothesis?,"[80, 81]",,"[40, 40, 40, 40, 40]",0.0,0.0,0.0,0.0,0.0,0.0,0.0,0.0,0.0,0.0,0.0,0.0,0.0,0.0,0.0,0.0
chroma,q012,concept,"What does the Candidate-Elimination algorithm output, and what limits its practical use?",[85],11,"[87, 87, 87, 87, 87]",0.0,0.0,0.0,0.0,0.0,0.0,0.0,0.0,0.0,0.0,0.0,0.0,0.0,0.0,0.0,0.0
chroma,q013,reasoning,Why can a conjunctive hypothesis space not learn the concept 'Sky = Sunny or Sky = Cloudy'?,[112],1,"[112, 112, 112, 112, 112]",1.0,1.0,1.0,1.0,1.0,1.0,1.0,2.1309297535714578,1.0,1.0,1.0,2.9484591188793923,1.0,1.0,1.0,2.9484591188793923
chroma,q014,concept,Why is bias-free learning considered futile?,[117],1,"[117, 117, 117, 117, 117]",1.0,1.0,1.0,1.0,1.0,1.0,1.0,2.1309297535714578,1.0,1.0,1.0,2.9484591188793923,1.0,1.0,1.0,2.9484591188793923
chroma,q015,definition,"What does entropy measure in decision tree learning, and what is its value when all examples are in one class?","[164, 166]",1,"[164, 164, 164, 164, 164]",1.0,0.5,1.0,1.0,1.0,0.5,1.0,1.3065735963827294,1.0,0.5,1.0,1.8078394317246163,1.0,0.5,1.0,1.8078394317246163
chroma,q016,definition,What is information gain?,[168],1,"[168, 168, 168, 168, 168]",1.0,1.0,1.0,1.0,1.0,1.0,1.0,2.1309297535714578,1.0,1.0,1.0,2.9484591188793923,1.0,1.0,1.0,2.9484591188793923
chroma,q017,factoid,What is Occam's razor and roughly when did William of Occam discuss it?,[183],1,"[183, 183, 183, 183, 183]",1.0,1.0,1.0,1.0,1.0,1.0,1.0,2.1309297535714578,1.0,1.0,1.0,2.9484591188793923,1.0,1.0,1.0,2.9484591188793923
chroma,q018,definition,How does the book formally define overfitting of a hypothesis?,[190],1,"[190, 190, 190, 190, 190]",1.0,1.0,1.0,1.0,1.0,1.0,1.0,2.1309297535714578,1.0,1.0,1.0,2.9484591188793923,1.0,1.0,1.0,2.9484591188793923
chroma,q019,procedural,How does reduced-error pruning decide which decision nodes to prune?,[196],1,"[196, 196, 196, 196, 196]",1.0,1.0,1.0,1.0,1.0,1.0,1.0,2.1309297535714578,1.0,1.0,1.0,2.9484591188793923,1.0,1.0,1.0,2.9484591188793923
chroma,q020,procedural,What are the steps of rule post-pruning as used by C4.5?,"[200, 201]",1,"[200, 200, 200, 200, 200]",1.0,0.5,1.0,1.0,1.0,0.5,1.0,1.3065735963827294,1.0,0.5,1.0,1.8078394317246163,1.0,1.0,1.0,2.4240556697485376
chroma,q021,procedural,How can ID3 handle a continuous-valued attribute such as Temperature?,[204],1,"[204, 204, 204, 204, 204]",1.0,1.0,1.0,1.0,1.0,1.0,1.0,2.1309297535714578,1.0,1.0,1.0,2.9484591188793923,1.0,1.0,1.0,2.9484591188793923
chroma,q022,reasoning,"Why does information gain favor attributes like Date, and what alternative measure fixes this?","[207, 208]",1,"[207, 207, 207, 207, 207]",1.0,0.5,1.0,1.0,1.0,0.5,1.0,1.3065735963827294,1.0,0.5,1.0,1.8078394317246163,1.0,0.5,1.0,1.8078394317246163
chroma,q023,factoid,What is the input to ALVINN's neural network?,[254],,"[60, 60, 60, 60, 60]",0.0,0.0,0.0,0.0,0.0,0.0,0.0,0.0,0.0,0.0,0.0,0.0,0.0,0.0,0.0,0.0
chroma,q024,definition,What does a perceptron compute?,[262],6,"[264, 264, 264, 264, 264]",0.0,0.0,0.0,0.0,0.0,0.0,0.0,0.0,0.0,0.0,0.0,0.0,1.0,1.0,0.16666666666666666,1.0050053972270843
chroma,q025,concept,"When can the perceptron training rule fail to converge, and which rule addresses this?",[270],11,"[283, 283, 283, 283, 283]",0.0,0.0,0.0,0.0,0.0,0.0,0.0,0.0,0.0,0.0,0.0,0.0,0.0,0.0,0.0,0.0
chroma,q026,concept,What are the two main practical difficulties with gradient descent?,[279],1,"[279, 279, 279, 279, 279]",1.0,1.0,1.0,1.0,1.0,1.0,1.0,2.1309297535714578,1.0,1.0,1.0,2.9484591188793923,1.0,1.0,1.0,2.9484591188793923
chroma,q027,definition,What error does the Backpropagation algorithm try to minimize?,[292],16,"[305, 305, 305, 305, 305]",0.0,0.0,0.0,0.0,0.0,0.0,0.0,0.0,0.0,0.0,0.0,0.0,0.0,0.0,0.0,0.0
chroma,q028,concept,What is the momentum term in Backpropagation and why is it useful?,"[298, 299]",1,"[298, 298, 298, 298, 298]",1.0,0.5,1.0,1.0,1.0,0.5,1.0,1.3065735963827294,1.0,0.5,1.0,1.8078394317246163,1.0,0.5,1.0,1.8078394317246163
chroma,q029,concept,Is Backpropagation guaranteed to find the global minimum error?,"[305, 356]",1,"[305, 305, 305, 305, 305]",1.0,0.5,1.0,1.0,1.0,0.5,1.0,1.3065735963827294,1.0,0.5,1.0,1.8078394317246163,1.0,0.5,1.0,1.8078394317246163
chroma,q030,concept,What kinds of functions can be represented by a network with two layers of units?,[309],1,"[309, 309, 309, 309, 309]",1.0,1.0,1.0,1.0,1.0,1.0,1.0,2.1309297535714578,1.0,1.0,1.0,2.9484591188793923,1.0,1.0,1.0,2.9484591188793923
chroma,q031,reasoning,Why is training until the training error falls below a threshold a poor stopping criterion for Backpropagation?,[319],1,"[319, 319, 319, 319, 319]",1.0,1.0,1.0,1.0,1.0,1.0,1.0,2.1309297535714578,1.0,1.0,1.0,2.9484591188793923,1.0,1.0,1.0,2.9484591188793923
chroma,q032,factoid,How many images were in the face recognition dataset and at what resolution?,[329],1,"[329, 329, 329, 329, 329]",1.0,1.0,1.0,1.0,1.0,1.0,1.0,2.1309297535714578,1.0,1.0,1.0,2.9484591188793923,1.0,1.0,1.0,2.9484591188793923
chroma,q033,definition,What are recurrent neural networks?,"[348, 357]",16,"[388, 388, 388, 388, 388]",0.0,0.0,0.0,0.0,0.0,0.0,0.0,0.0,0.0,0.0,0.0,0.0,0.0,0.0,0.0,0.0
chroma,q034,definition,What is the difference between sample error and true error of a hypothesis?,[398],1,"[398, 398, 398, 398, 398]",1.0,1.0,1.0,1.0,1.0,1.0,1.0,2.1309297535714578,1.0,1.0,1.0,2.9484591188793923,1.0,1.0,1.0,2.9484591188793923
chroma,q035,numeric,"If a hypothesis makes 12 errors on 40 independent test examples, what is the approximate 95% confidence interval for its true error?","[418, 400]",,"[401, 401, 401, 401, 401]",0.0,0.0,0.0,0.0,0.0,0.0,0.0,0.0,0.0,0.0,0.0,0.0,0.0,0.0,0.0,0.0
chroma,q036,procedural,How can we statistically compare two learning algorithms rather than two hypotheses?,[434],1,"[434, 434, 434, 434, 434]",1.0,1.0,1.0,1.0,1.0,1.0,1.0,2.1309297535714578,1.0,1.0,1.0,2.9484591188793923,1.0,1.0,1.0,2.9484591188793923
chroma,q037,numeric,"In the cancer lab-test example, what fraction of the population has the disease and how accurate is the test?",[470],1,"[470, 470, 470, 470, 470]",1.0,1.0,1.0,1.0,1.0,1.0,1.0,2.1309297535714578,1.0,1.0,1.0,2.9484591188793923,1.0,1.0,1.0,2.9484591188793923
chroma,q038,concept,Under what conditions does every consistent learner output a MAP hypothesis?,[478],1,"[478, 478, 478, 478, 478]",1.0,1.0,1.0,1.0,1.0,1.0,1.0,2.1309297535714578,1.0,1.0,1.0,2.9484591188793923,1.0,1.0,1.0,2.9484591188793923
chroma,q039,concept,How does the Minimum Description Length principle relate to MAP hypotheses?,[495],1,"[495, 495, 495, 495, 495]",1.0,1.0,1.0,1.0,1.0,1.0,1.0,2.1309297535714578,1.0,1.0,1.0,2.9484591188793923,1.0,1.0,1.0,2.9484591188793923
chroma,q040,concept,What does the Gibbs algorithm do and why is it used instead of the Bayes optimal classifier?,[504],1,"[504, 504, 504, 504, 504]",1.0,1.0,1.0,1.0,1.0,1.0,1.0,2.1309297535714578,1.0,1.0,1.0,2.9484591188793923,1.0,1.0,1.0,2.9484591188793923
chroma,q041,concept,How does the naive Bayes learner form its hypothesis without searching the hypothesis space?,[510],1,"[510, 510, 510, 510, 510]",1.0,1.0,1.0,1.0,1.0,1.0,1.0,2.1309297535714578,1.0,1.0,1.0,2.9484591188793923,1.0,1.0,1.0,2.9484591188793923
chroma,q042,reasoning,"Why are simple frequency estimates problematic for naive Bayes when counts are small, and what fixes it?","[513, 514]",,"[509, 509, 509, 509, 509]",0.0,0.0,0.0,0.0,0.0,0.0,0.0,0.0,0.0,0.0,0.0,0.0,0.0,0.0,0.0,0.0
chroma,q043,numeric,How accurate was naive Bayes at classifying usenet articles into 20 newsgroups?,"[523, 521]",6,"[524, 524, 524, 524, 524]",0.0,0.0,0.0,0.0,0.0,0.0,0.0,0.0,0.0,0.0,0.0,0.0,1.0,0.5,0.16666666666666666,0.6162162380239211
chroma,q044,definition,When is a random variable X conditionally independent of Y given Z?,[528],1,"[528, 528, 528, 528, 528]",1.0,1.0,1.0,1.0,1.0,1.0,1.0,2.1309297535714578,1.0,1.0,1.0,2.9484591188793923,1.0,1.0,1.0,2.9484591188793923
chroma,q045,definition,What is sample complexity in computational learning theory?,[597],,"[1189, 1189, 1189, 1189, 1189]",0.0,0.0,0.0,0.0,0.0,0.0,0.0,0.0,0.0,0.0,0.0,0.0,0.0,0.0,0.0,0.0
chroma,q046,definition,What is an agnostic learner?,[603],,"[928, 928, 928, 928, 928]",0.0,0.0,0.0,0.0,0.0,0.0,0.0,0.0,0.0,0.0,0.0,0.0,0.0,0.0,0.0,0.0
chroma,q047,definition,How is the Vapnik-Chervonenkis dimension of a hypothesis space defined?,[622],6,"[618, 618, 618, 618, 618]",0.0,0.0,0.0,0.0,0.0,0.0,0.0,0.0,0.0,0.0,0.0,0.0,1.0,1.0,0.16666666666666666,1.0050053972270843
chroma,q048,procedural,How does the HALVING algorithm make predictions?,[642],11,"[649, 649, 649, 649, 649]",0.0,0.0,0.0,0.0,0.0,0.0,0.0,0.0,0.0,0.0,0.0,0.0,0.0,0.0,0.0,0.0
chroma,q049,procedural,How does k-nearest neighbor classify a new instance with a discrete-valued target?,[674],1,"[674, 674, 674, 674, 674]",1.0,1.0,1.0,1.0,1.0,1.0,1.0,2.1309297535714578,1.0,1.0,1.0,2.9484591188793923,1.0,1.0,1.0,2.9484591188793923
chroma,q050,procedural,How does distance-weighted nearest neighbor weight each neighbor's vote?,[678],1,"[678, 678, 678, 678, 678]",1.0,1.0,1.0,1.0,1.0,1.0,1.0,2.1309297535714578,1.0,1.0,1.0,2.9484591188793923,1.0,1.0,1.0,2.9484591188793923
chroma,q051,factoid,What is the CADET system and how many designs does its library contain?,[699],,"[703, 703, 703, 703, 703]",0.0,0.0,0.0,0.0,0.0,0.0,0.0,0.0,0.0,0.0,0.0,0.0,0.0,0.0,0.0,0.0
chroma,q052,concept,What is the difference between lazy and eager learning methods?,[706],6,"[707, 707, 707, 707, 707]",0.0,0.0,0.0,0.0,0.0,0.0,0.0,0.0,0.0,0.0,0.0,0.0,1.0,1.0,0.16666666666666666,1.0050053972270843
chroma,q053,concept,What is a key advantage of radial basis function networks over Backpropagation-trained networks?,[697],1,"[697, 697, 697, 697, 697]",1.0,1.0,1.0,1.0,1.0,1.0,1.0,2.1309297535714578,1.0,1.0,1.0,2.9484591188793923,1.0,1.0,1.0,2.9484591188793923
chroma,q054,concept,How do genetic algorithms generate new hypotheses?,[735],1,"[735, 735, 735, 735, 735]",1.0,1.0,1.0,1.0,1.0,1.0,1.0,2.1309297535714578,1.0,1.0,1.0,2.9484591188793923,1.0,1.0,1.0,2.9484591188793923
chroma,q055,procedural,How does the crossover operator produce offspring in a genetic algorithm?,[744],1,"[744, 744, 744, 744, 744]",1.0,1.0,1.0,1.0,1.0,1.0,1.0,2.1309297535714578,1.0,1.0,1.0,2.9484591188793923,1.0,1.0,1.0,2.9484591188793923
chroma,q056,definition,What is tournament selection in genetic algorithms?,[749],1,"[749, 749, 749, 749, 749]",1.0,1.0,1.0,1.0,1.0,1.0,1.0,2.1309297535714578,1.0,1.0,1.0,2.9484591188793923,1.0,1.0,1.0,2.9484591188793923
chroma,q057,concept,What did Lamarck propose about evolution?,[779],16,"[794, 794, 794, 794, 794]",0.0,0.0,0.0,0.0,0.0,0.0,0.0,0.0,0.0,0.0,0.0,0.0,0.0,0.0,0.0,0.0
chroma,q058,concept,How does the Baldwin effect say individual learning can speed up evolution?,[784],1,"[784, 784, 784, 784, 784]",1.0,1.0,1.0,1.0,1.0,1.0,1.0,2.1309297535714578,1.0,1.0,1.0,2.9484591188793923,1.0,1.0,1.0,2.9484591188793923
chroma,q059,definition,What is a sequential covering algorithm?,"[825, 826, 836, 886]",6,"[833, 833, 833, 833, 833]",0.0,0.0,0.0,0.0,0.0,0.0,0.0,0.0,0.0,0.0,0.0,0.0,1.0,0.25,0.16666666666666666,0.39233405721184117
chroma,q060,concept,How do the rules learned by FOIL differ from general Horn clauses?,[850],1,"[850, 850, 850, 850, 850]",1.0,1.0,1.0,1.0,1.0,1.0,1.0,2.1309297535714578,1.0,1.0,1.0,2.9484591188793923,1.0,1.0,1.0,2.9484591188793923
chroma,q061,concept,What does it mean to view induction as inverted deduction?,[864],6,"[866, 866, 866, 866, 866]",0.0,0.0,0.0,0.0,0.0,0.0,0.0,0.0,0.0,0.0,0.0,0.0,1.0,1.0,0.16666666666666666,1.0050053972270843
chroma,q062,definition,When is a domain theory considered correct and complete?,[927],1,"[927, 927, 927, 927, 927]",1.0,1.0,1.0,1.0,1.0,1.0,1.0,2.1309297535714578,1.0,1.0,1.0,2.9484591188793923,1.0,1.0,1.0,2.9484591188793923
chroma,q063,factoid,What kind of domain theory does the KBANN algorithm assume?,"[1013, 1065]",1,"[1013, 1013, 1013, 1013, 1013]",1.0,0.5,1.0,1.0,1.0,0.5,1.0,1.3065735963827294,1.0,0.5,1.0,1.8078394317246163,1.0,0.5,1.0,1.8078394317246163
chroma,q064,concept,What extra information does TANGENTPROP use during training?,"[1028, 1027, 1066]",11,"[1035, 1035, 1035, 1035, 1035]",0.0,0.0,0.0,0.0,0.0,0.0,0.0,0.0,0.0,0.0,0.0,0.0,0.0,0.0,0.0,0.0
chroma,q065,numeric,How many games did TD-GAMMON train on to become nearly equal to the best human players?,[1097],1,"[1097, 1097, 1097, 1097, 1097]",1.0,1.0,1.0,1.0,1.0,1.0,1.0,2.1309297535714578,1.0,1.0,1.0,2.9484591188793923,1.0,1.0,1.0,2.9484591188793923
chroma,q066,definition,How is the Q function defined in Q learning?,"[1110, 1143]",,"[1112, 1112, 1112, 1112, 1112]",0.0,0.0,0.0,0.0,0.0,0.0,0.0,0.0,0.0,0.0,0.0,0.0,0.0,0.0,0.0,0.0
chroma,q067,reasoning,Why is it risky for a Q learning agent to always pick the action with the highest current Q value?,"[1123, 1124]",1,"[1123, 1123, 1123, 1123, 1123]",1.0,0.5,1.0,1.0,1.0,0.5,1.0,1.3065735963827294,1.0,0.5,1.0,1.8078394317246163,1.0,1.0,1.0,2.4240556697485376
chroma,q068,definition,What is temporal difference learning?,"[1133, 1143]",11,"[63, 63, 63, 63, 63]",0.0,0.0,0.0,0.0,0.0,0.0,0.0,0.0,0.0,0.0,0.0,0.0,0.0,0.0,0.0,0.0
chroma,q069,concept,Why is the lookup-table representation of Q a limitation?,[1136],6,"[1122, 1122, 1122, 1122, 1122]",0.0,0.0,0.0,0.0,0.0,0.0,0.0,0.0,0.0,0.0,0.0,0.0,1.0,1.0,0.16666666666666666,1.0050053972270843
hybrid,q001,definition,How does the book formally define what it means for a computer program to learn?,[9],4,"[636, 897, 42, 9, 1]",0.0,0.0,0.0,0.0,0.0,0.0,0.0,0.0,1.0,1.0,0.25,0.43067655807339306,1.0,1.0,0.25,0.43067655807339306
hybrid,q002,factoid,Which system drove unassisted at 70 miles per hour for 90 miles on public highways?,[10],2,"[255, 10, 258, 254, 198]",0.0,0.0,0.0,0.0,1.0,1.0,0.5,0.6309297535714575,1.0,1.0,0.5,0.6309297535714575,1.0,1.0,0.5,0.6309297535714575
hybrid,q003,factoid,"What was NASA's decision tree system used to classify, and how big was the sky survey data?",[11],2,"[232, 11, 183, 890, 335]",0.0,0.0,0.0,0.0,1.0,1.0,0.5,0.6309297535714575,1.0,1.0,0.5,0.6309297535714575,1.0,1.0,0.5,0.6309297535714575
hybrid,q004,concept,What is the credit assignment problem when a checkers learner only gets indirect feedback?,[17],1,"[17, 20, 1143, 42, 1097]",1.0,1.0,1.0,1.0,1.0,1.0,1.0,1.0,1.0,1.0,1.0,1.0,1.0,1.0,1.0,1.0
hybrid,q005,reasoning,Why is it risky for the checkers program to train only on games played against itself?,[18],3,"[20, 53, 18, 26, 9]",0.0,0.0,0.0,0.0,1.0,1.0,0.3333333333333333,0.5,1.0,1.0,0.3333333333333333,0.5,1.0,1.0,0.3333333333333333,0.5
hybrid,q006,procedural,How does the checkers learner assign training values to intermediate board states?,[29],1,"[29, 34, 17, 26, 19]",1.0,1.0,1.0,1.0,1.0,1.0,1.0,1.0,1.0,1.0,1.0,1.0,1.0,1.0,1.0,1.0
hybrid,q007,procedural,What is the LMS weight update rule and what does it do for each training example?,[32],1,"[32, 52, 281, 42, 267]",1.0,1.0,1.0,1.0,1.0,1.0,1.0,1.0,1.0,1.0,1.0,1.0,1.0,1.0,1.0,1.0
hybrid,q008,definition,"In the EnjoySport task, what kinds of constraints can a hypothesis place on each attribute?",[66],1,"[66, 129, 69, 163, 75]",1.0,1.0,1.0,1.0,1.0,1.0,1.0,1.0,1.0,1.0,1.0,1.0,1.0,1.0,1.0,1.0
hybrid,q009,definition,State the inductive learning hypothesis.,"[72, 71]",1,"[71, 72, 1116, 952, 159]",1.0,0.5,1.0,1.0,1.0,1.0,1.0,1.0,1.0,1.0,1.0,1.0,1.0,1.0,1.0,1.0
hybrid,q010,definition,When is one hypothesis considered more general than or equal to another?,[76],2,"[882, 76, 96, 749, 601]",0.0,0.0,0.0,0.0,1.0,1.0,0.5,0.6309297535714575,1.0,1.0,0.5,0.6309297535714575,1.0,1.0,0.5,0.6309297535714575
hybrid,q011,procedural,How does the FIND-S algorithm search for a hypothesis?,"[80, 81]",7,"[40, 638, 111, 84, 582]",0.0,0.0,0.0,0.0,0.0,0.0,0.0,0.0,0.0,0.0,0.0,0.0,1.0,0.5,0.14285714285714285,0.20438239758848611
hybrid,q012,concept,"What does the Candidate-Elimination algorithm output, and what limits its practical use?",[85],4,"[87, 110, 42, 85, 448]",0.0,0.0,0.0,0.0,0.0,0.0,0.0,0.0,1.0,1.0,0.25,0.43067655807339306,1.0,1.0,0.25,0.43067655807339306
hybrid,q013,reasoning,Why can a conjunctive hypothesis space not learn the concept 'Sky = Sunny or Sky = Cloudy'?,[112],1,"[112, 868, 115, 468, 608]",1.0,1.0,1.0,1.0,1.0,1.0,1.0,1.0,1.0,1.0,1.0,1.0,1.0,1.0,1.0,1.0
hybrid,q014,concept,Why is bias-free learning considered futile?,[117],1,"[117, 956, 1205, 926, 399]",1.0,1.0,1.0,1.0,1.0,1.0,1.0,1.0,1.0,1.0,1.0,1.0,1.0,1.0,1.0,1.0
hybrid,q015,definition,"What does entropy measure in decision tree learning, and what is its value when all examples are in one class?","[164, 166]",1,"[164, 842, 168, 207, 223]",1.0,0.5,1.0,1.0,1.0,0.5,1.0,0.6131471927654584,1.0,0.5,1.0,0.6131471927654584,1.0,0.5,1.0,0.6131471927654584
hybrid,q016,definition,What is information gain?,[168],1,"[168, 163, 222, 448, 207]",1.0,1.0,1.0,1.0,1.0,1.0,1.0,1.0,1.0,1.0,1.0,1.0,1.0,1.0,1.0,1.0
hybrid,q017,factoid,What is Occam's razor and roughly when did William of Occam discuss it?,[183],1,"[183, 495, 187, 185, 186]",1.0,1.0,1.0,1.0,1.0,1.0,1.0,1.0,1.0,1.0,1.0,1.0,1.0,1.0,1.0,1.0
hybrid,q018,definition,How does the book formally define overfitting of a hypothesis?,[190],1,"[190, 601, 111, 40, 1]",1.0,1.0,1.0,1.0,1.0,1.0,1.0,1.0,1.0,1.0,1.0,1.0,1.0,1.0,1.0,1.0
hybrid,q019,procedural,How does reduced-error pruning decide which decision nodes to prune?,[196],1,"[196, 198, 202, 175, 1191]",1.0,1.0,1.0,1.0,1.0,1.0,1.0,1.0,1.0,1.0,1.0,1.0,1.0,1.0,1.0,1.0
hybrid,q020,procedural,What are the steps of rule post-pruning as used by C4.5?,"[200, 201]",1,"[200, 201, 838, 863, 159]",1.0,0.5,1.0,1.0,1.0,1.0,1.0,1.0,1.0,1.0,1.0,1.0,1.0,1.0,1.0,1.0
hybrid,q021,procedural,How can ID3 handle a continuous-valued attribute such as Temperature?,[204],1,"[204, 170, 216, 163, 160]",1.0,1.0,1.0,1.0,1.0,1.0,1.0,1.0,1.0,1.0,1.0,1.0,1.0,1.0,1.0,1.0
hybrid,q022,reasoning,"Why does information gain favor attributes like Date, and what alternative measure fixes this?","[207, 208]",1,"[207, 168, 179, 208, 163]",1.0,0.5,1.0,1.0,1.0,0.5,1.0,0.6131471927654584,1.0,1.0,1.0,0.8772153153380493,1.0,1.0,1.0,0.8772153153380493
hybrid,q023,factoid,What is the input to ALVINN's neural network?,[254],7,"[60, 260, 1036, 488, 1031]",0.0,0.0,0.0,0.0,0.0,0.0,0.0,0.0,0.0,0.0,0.0,0.0,1.0,1.0,0.14285714285714285,0.3333333333333333
hybrid,q024,definition,What does a perceptron compute?,[262],2,"[264, 262, 361, 656, 362]",0.0,0.0,0.0,0.0,1.0,1.0,0.5,0.6309297535714575,1.0,1.0,0.5,0.6309297535714575,1.0,1.0,0.5,0.6309297535714575
hybrid,q025,concept,"When can the perceptron training rule fail to converge, and which rule addresses this?",[270],3,"[283, 267, 270, 282, 269]",0.0,0.0,0.0,0.0,1.0,1.0,0.3333333333333333,0.5,1.0,1.0,0.3333333333333333,0.5,1.0,1.0,0.3333333333333333,0.5
hybrid,q026,concept,What are the two main practical difficulties with gradient descent?,[279],1,"[279, 278, 356, 281, 209]",1.0,1.0,1.0,1.0,1.0,1.0,1.0,1.0,1.0,1.0,1.0,1.0,1.0,1.0,1.0,1.0
hybrid,q027,definition,What error does the Backpropagation algorithm try to minimize?,[292],18,"[305, 345, 319, 363, 448]",0.0,0.0,0.0,0.0,0.0,0.0,0.0,0.0,0.0,0.0,0.0,0.0,0.0,0.0,0.0,0.0
hybrid,q028,concept,What is the momentum term in Backpropagation and why is it useful?,"[298, 299]",1,"[298, 300, 299, 315, 305]",1.0,0.5,1.0,1.0,1.0,1.0,1.0,0.9197207891481876,1.0,1.0,1.0,0.9197207891481876,1.0,1.0,1.0,0.9197207891481876
hybrid,q029,concept,Is Backpropagation guaranteed to find the global minimum error?,"[305, 356]",1,"[305, 319, 294, 278, 279]",1.0,0.5,1.0,1.0,1.0,0.5,1.0,0.6131471927654584,1.0,0.5,1.0,0.6131471927654584,1.0,1.0,1.0,0.8175295903539445
hybrid,q030,concept,What kinds of functions can be represented by a network with two layers of units?,[309],1,"[309, 288, 356, 334, 310]",1.0,1.0,1.0,1.0,1.0,1.0,1.0,1.0,1.0,1.0,1.0,1.0,1.0,1.0,1.0,1.0
hybrid,q031,reasoning,Why is training until the training error falls below a threshold a poor stopping criterion for Backpropagation?,[319],1,"[319, 278, 297, 634, 689]",1.0,1.0,1.0,1.0,1.0,1.0,1.0,1.0,1.0,1.0,1.0,1.0,1.0,1.0,1.0,1.0
hybrid,q032,factoid,How many images were in the face recognition dataset and at what resolution?,[329],1,"[329, 1197, 334, 12, 48]",1.0,1.0,1.0,1.0,1.0,1.0,1.0,1.0,1.0,1.0,1.0,1.0,1.0,1.0,1.0,1.0
hybrid,q033,definition,What are recurrent neural networks?,"[348, 357]",5,"[388, 351, 288, 349, 348]",0.0,0.0,0.0,0.0,0.0,0.0,0.0,0.0,1.0,0.5,0.2,0.23719771276929622,1.0,0.5,0.2,0.23719771276929622
hybrid,q034,definition,What is the difference between sample error and true error of a hypothesis?,[398],1,"[398, 406, 448, 415, 400]",1.0,1.0,1.0,1.0,1.0,1.0,1.0,1.0,1.0,1.0,1.0,1.0,1.0,1.0,1.0,1.0
hybrid,q035,numeric,"If a hypothesis makes 12 errors on 40 independent test examples, what is the approximate 95% confidence interval for its true error?","[418, 400]",4,"[401, 424, 448, 400, 423]",0.0,0.0,0.0,0.0,0.0,0.0,0.0,0.0,1.0,0.5,0.25,0.2640681225725909,1.0,1.0,0.25,0.46845052016107697
hybrid,q036,procedural,How can we statistically compare two learning algorithms rather than two hypotheses?,[434],1,"[434, 393, 493, 205, 202]",1.0,1.0,1.0,1.0,1.0,1.0,1.0,1.0,1.0,1.0,1.0,1.0,1.0,1.0,1.0,1.0
hybrid,q037,numeric,"In the cancer lab-test example, what fraction of the population has the disease and how accurate is the test?",[470],1,"[470, 559, 739, 514, 759]",1.0,1.0,1.0,1.0,1.0,1.0,1.0,1.0,1.0,1.0,1.0,1.0,1.0,1.0,1.0,1.0
hybrid,q038,concept,Under what conditions does every consistent learner output a MAP hypothesis?,[478],1,"[478, 477, 479, 559, 598]",1.0,1.0,1.0,1.0,1.0,1.0,1.0,1.0,1.0,1.0,1.0,1.0,1.0,1.0,1.0,1.0
hybrid,q039,concept,How does the Minimum Description Length principle relate to MAP hypotheses?,[495],1,"[495, 561, 497, 558, 498]",1.0,1.0,1.0,1.0,1.0,1.0,1.0,1.0,1.0,1.0,1.0,1.0,1.0,1.0,1.0,1.0
hybrid,q040,concept,What does the Gibbs algorithm do and why is it used instead of the Bayes optimal classifier?,[504],1,"[504, 506, 464, 555, 1110]",1.0,1.0,1.0,1.0,1.0,1.0,1.0,1.0,1.0,1.0,1.0,1.0,1.0,1.0,1.0,1.0
hybrid,q041,concept,How does the naive Bayes learner form its hypothesis without searching the hypothesis space?,[510],1,"[510, 40, 1007, 42, 461]",1.0,1.0,1.0,1.0,1.0,1.0,1.0,1.0,1.0,1.0,1.0,1.0,1.0,1.0,1.0,1.0
hybrid,q042,reasoning,"Why are simple frequency estimates problematic for naive Bayes when counts are small, and what fixes it?","[513, 514]",,"[509, 557, 1139, 510, 562]",0.0,0.0,0.0,0.0,0.0,0.0,0.0,0.0,0.0,0.0,0.0,0.0,0.0,0.0,0.0,0.0
hybrid,q043,numeric,How accurate was naive Bayes at classifying usenet articles into 20 newsgroups?,"[523, 521]",2,"[524, 523, 521, 522, 515]",0.0,0.0,0.0,0.0,1.0,1.0,0.5,0.6934264036172708,1.0,1.0,0.5,0.6934264036172708,1.0,1.0,0.5,0.6934264036172708
hybrid,q044,definition,When is a random variable X conditionally independent of Y given Z?,[528],1,"[528, 410, 414, 530, 532]",1.0,1.0,1.0,1.0,1.0,1.0,1.0,1.0,1.0,1.0,1.0,1.0,1.0,1.0,1.0,1.0
hybrid,q045,definition,What is sample complexity in computational learning theory?,[597],,"[1189, 617, 616, 584, 613]",0.0,0.0,0.0,0.0,0.0,0.0,0.0,0.0,0.0,0.0,0.0,0.0,0.0,0.0,0.0,0.0
hybrid,q046,definition,What is an agnostic learner?,[603],9,"[928, 125, 956, 708, 448]",0.0,0.0,0.0,0.0,0.0,0.0,0.0,0.0,0.0,0.0,0.0,0.0,0.0,0.0,0.0,0.0
hybrid,q047,definition,How is the Vapnik-Chervonenkis dimension of a hypothesis space defined?,[622],2,"[618, 622, 631, 114, 1178]",0.0,0.0,0.0,0.0,1.0,1.0,0.5,0.6309297535714575,1.0,1.0,0.5,0.6309297535714575,1.0,1.0,0.5,0.6309297535714575
hybrid,q048,procedural,How does the HALVING algorithm make predictions?,[642],3,"[649, 645, 642, 111, 644]",0.0,0.0,0.0,0.0,1.0,1.0,0.3333333333333333,0.5,1.0,1.0,0.3333333333333333,0.5,1.0,1.0,0.3333333333333333,0.5
hybrid,q049,procedural,How does k-nearest neighbor classify a new instance with a discrete-valued target?,[674],1,"[674, 678, 698, 675, 671]",1.0,1.0,1.0,1.0,1.0,1.0,1.0,1.0,1.0,1.0,1.0,1.0,1.0,1.0,1.0,1.0
hybrid,q050,procedural,How does distance-weighted nearest neighbor weight each neighbor's vote?,[678],1,"[678, 680, 674, 675, 669]",1.0,1.0,1.0,1.0,1.0,1.0,1.0,1.0,1.0,1.0,1.0,1.0,1.0,1.0,1.0,1.0
hybrid,q051,factoid,What is the CADET system and how many designs does its library contain?,[699],3,"[703, 731, 699, 42, 704]",0.0,0.0,0.0,0.0,1.0,1.0,0.3333333333333333,0.5,1.0,1.0,0.3333333333333333,0.5,1.0,1.0,0.3333333333333333,0.5
hybrid,q052,concept,What is the difference between lazy and eager learning methods?,[706],2,"[707, 706, 710, 716, 709]",0.0,0.0,0.0,0.0,1.0,1.0,0.5,0.6309297535714575,1.0,1.0,0.5,0.6309297535714575,1.0,1.0,0.5,0.6309297535714575
hybrid,q053,concept,What is a key advantage of radial basis function networks over Backpropagation-trained networks?,[697],1,"[697, 356, 288, 694, 544]",1.0,1.0,1.0,1.0,1.0,1.0,1.0,1.0,1.0,1.0,1.0,1.0,1.0,1.0,1.0,1.0
hybrid,q054,concept,How do genetic algorithms generate new hypotheses?,[735],1,"[735, 739, 135, 800, 789]",1.0,1.0,1.0,1.0,1.0,1.0,1.0,1.0,1.0,1.0,1.0,1.0,1.0,1.0,1.0,1.0
hybrid,q055,procedural,How does the crossover operator produce offspring in a genetic algorithm?,[744],1,"[744, 768, 753, 789, 736]",1.0,1.0,1.0,1.0,1.0,1.0,1.0,1.0,1.0,1.0,1.0,1.0,1.0,1.0,1.0,1.0
hybrid,q056,definition,What is tournament selection in genetic algorithms?,[749],1,"[749, 735, 760, 791, 1228]",1.0,1.0,1.0,1.0,1.0,1.0,1.0,1.0,1.0,1.0,1.0,1.0,1.0,1.0,1.0,1.0
hybrid,q057,concept,What did Lamarck propose about evolution?,[779],,"[794, 780, 1072, 41, 104]",0.0,0.0,0.0,0.0,0.0,0.0,0.0,0.0,0.0,0.0,0.0,0.0,0.0,0.0,0.0,0.0
hybrid,q058,concept,How does the Baldwin effect say individual learning can speed up evolution?,[784],1,"[784, 781, 961, 783, 970]",1.0,1.0,1.0,1.0,1.0,1.0,1.0,1.0,1.0,1.0,1.0,1.0,1.0,1.0,1.0,1.0
hybrid,q059,definition,What is a sequential covering algorithm?,"[825, 826, 836, 886]",2,"[833, 836, 826, 886, 890]",0.0,0.0,0.0,0.0,1.0,0.5,0.5,0.5307212739772434,1.0,0.75,0.5,0.6096199500078984,1.0,0.75,0.5,0.6096199500078984
hybrid,q060,concept,How do the rules learned by FOIL differ from general Horn clauses?,[850],1,"[850, 862, 1053, 886, 933]",1.0,1.0,1.0,1.0,1.0,1.0,1.0,1.0,1.0,1.0,1.0,1.0,1.0,1.0,1.0,1.0
hybrid,q061,concept,What does it mean to view induction as inverted deduction?,[864],2,"[866, 864, 1007, 42, 646]",0.0,0.0,0.0,0.0,1.0,1.0,0.5,0.6309297535714575,1.0,1.0,0.5,0.6309297535714575,1.0,1.0,0.5,0.6309297535714575
hybrid,q062,definition,When is a domain theory considered correct and complete?,[927],1,"[927, 928, 930, 1021, 924]",1.0,1.0,1.0,1.0,1.0,1.0,1.0,1.0,1.0,1.0,1.0,1.0,1.0,1.0,1.0,1.0
hybrid,q063,factoid,What kind of domain theory does the KBANN algorithm assume?,"[1013, 1065]",1,"[1013, 1017, 1015, 947, 946]",1.0,0.5,1.0,1.0,1.0,0.5,1.0,0.6131471927654584,1.0,0.5,1.0,0.6131471927654584,1.0,0.5,1.0,0.6131471927654584
hybrid,q064,concept,What extra information does TANGENTPROP use during training?,"[1028, 1027, 1066]",6,"[1035, 1036, 1037, 867, 325]",0.0,0.0,0.0,0.0,0.0,0.0,0.0,0.0,0.0,0.0,0.0,0.0,1.0,0.3333333333333333,0.16666666666666666,0.16716045496620227
hybrid,q065,numeric,How many games did TD-GAMMON train on to become nearly equal to the best human players?,[1097],1,"[1097, 30, 11, 20, 7]",1.0,1.0,1.0,1.0,1.0,1.0,1.0,1.0,1.0,1.0,1.0,1.0,1.0,1.0,1.0,1.0
hybrid,q066,definition,How is the Q function defined in Q learning?,"[1110, 1143]",9,"[1112, 1118, 1115, 1137, 1124]",0.0,0.0,0.0,0.0,0.0,0.0,0.0,0.0,0.0,0.0,0.0,0.0,0.0,0.0,0.0,0.0
hybrid,q067,reasoning,Why is it risky for a Q learning agent to always pick the action with the highest current Q value?,"[1123, 1124]",1,"[1123, 1124, 1115, 1113, 1117]",1.0,0.5,1.0,1.0,1.0,1.0,1.0,1.0,1.0,1.0,1.0,1.0,1.0,1.0,1.0,1.0
hybrid,q068,definition,What is temporal difference learning?,"[1133, 1143]",8,"[63, 1232, 581, 707, 431]",0.0,0.0,0.0,0.0,0.0,0.0,0.0,0.0,0.0,0.0,0.0,0.0,1.0,0.5,0.125,0.19342640361727081
hybrid,q069,concept,Why is the lookup-table representation of Q a limitation?,[1136],2,"[1122, 1136, 1118, 1115, 500]",0.0,0.0,0.0,0.0,1.0,1.0,0.5,0.6309297535714575,1.0,1.0,0.5,0.6309297535714575,1.0,1.0,0.5,0.6309297535714575
rerank,q001,definition,How does the book formally define what it means for a computer program to learn?,[9],1,"[9, 1, 7, 40, 583]",1.0,1.0,1.0,1.0,1.0,1.0,1.0,1.0,1.0,1.0,1.0,1.0,1.0,1.0,1.0,1.0
rerank,q002,factoid,Which system drove unassisted at 70 miles per hour for 90 miles on public highways?,[10],1,"[10, 255, 254, 258, 15]",1.0,1.0,1.0,1.0,1.0,1.0,1.0,1.0,1.0,1.0,1.0,1.0,1.0,1.0,1.0,1.0
rerank,q003,factoid,"What was NASA's decision tree system used to classify, and how big was the sky survey data?",[11],1,"[11, 232, 218, 156, 224]",1.0,1.0,1.0,1.0,1.0,1.0,1.0,1.0,1.0,1.0,1.0,1.0,1.0,1.0,1.0,1.0
rerank,q004,concept,What is the credit assignment problem when a checkers learner only gets indirect feedback?,[17],1,"[17, 20, 18, 802, 19]",1.0,1.0,1.0,1.0,1.0,1.0,1.0,1.0,1.0,1.0,1.0,1.0,1.0,1.0,1.0,1.0
rerank,q005,reasoning,Why is it risky for the checkers program to train only on games played against itself?,[18],1,"[18, 20, 17, 38, 12]",1.0,1.0,1.0,1.0,1.0,1.0,1.0,1.0,1.0,1.0,1.0,1.0,1.0,1.0,1.0,1.0
rerank,q006,procedural,How does the checkers learner assign training values to intermediate board states?,[29],1,"[29, 23, 26, 17, 36]",1.0,1.0,1.0,1.0,1.0,1.0,1.0,1.0,1.0,1.0,1.0,1.0,1.0,1.0,1.0,1.0
rerank,q007,procedural,What is the LMS weight update rule and what does it do for each training example?,[32],1,"[32, 52, 304, 267, 493]",1.0,1.0,1.0,1.0,1.0,1.0,1.0,1.0,1.0,1.0,1.0,1.0,1.0,1.0,1.0,1.0
rerank,q008,definition,"In the EnjoySport task, what kinds of constraints can a hypothesis place on each attribute?",[66],1,"[66, 69, 129, 114, 75]",1.0,1.0,1.0,1.0,1.0,1.0,1.0,1.0,1.0,1.0,1.0,1.0,1.0,1.0,1.0,1.0
rerank,q009,definition,State the inductive learning hypothesis.,"[72, 71]",1,"[72, 71, 1004, 952, 955]",1.0,0.5,1.0,1.0,1.0,1.0,1.0,1.0,1.0,1.0,1.0,1.0,1.0,1.0,1.0,1.0
rerank,q010,definition,When is one hypothesis considered more general than or equal to another?,[76],1,"[76, 882, 96, 100, 475]",1.0,1.0,1.0,1.0,1.0,1.0,1.0,1.0,1.0,1.0,1.0,1.0,1.0,1.0,1.0,1.0
rerank,q011,procedural,How does the FIND-S algorithm search for a hypothesis?,"[80, 81]",4,"[638, 40, 135, 80, 84]",0.0,0.0,0.0,0.0,0.0,0.0,0.0,0.0,1.0,0.5,0.25,0.2640681225725909,1.0,0.5,0.25,0.2640681225725909
rerank,q012,concept,"What does the Candidate-Elimination algorithm output, and what limits its practical use?",[85],1,"[85, 87, 110, 181, 180]",1.0,1.0,1.0,1.0,1.0,1.0,1.0,1.0,1.0,1.0,1.0,1.0,1.0,1.0,1.0,1.0
rerank,q013,reasoning,Why can a conjunctive hypothesis space not learn the concept 'Sky = Sunny or Sky = Cloudy'?,[112],1,"[112, 115, 102, 66, 124]",1.0,1.0,1.0,1.0,1.0,1.0,1.0,1.0,1.0,1.0,1.0,1.0,1.0,1.0,1.0,1.0
rerank,q014,concept,Why is bias-free learning considered futile?,[117],2,"[956, 117, 1205, 312, 510]",0.0,0.0,0.0,0.0,1.0,1.0,0.5,0.6309297535714575,1.0,1.0,0.5,0.6309297535714575,1.0,1.0,0.5,0.6309297535714575
rerank,q015,definition,"What does entropy measure in decision tree learning, and what is its value when all examples are in one class?","[164, 166]",3,"[842, 167, 164, 207, 172]",0.0,0.0,0.0,0.0,1.0,0.5,0.3333333333333333,0.3065735963827292,1.0,0.5,0.3333333333333333,0.3065735963827292,1.0,1.0,0.3333333333333333,0.5109559939712153
rerank,q016,definition,What is information gain?,[168],1,"[168, 171, 163, 207, 222]",1.0,1.0,1.0,1.0,1.0,1.0,1.0,1.0,1.0,1.0,1.0,1.0,1.0,1.0,1.0,1.0
rerank,q017,factoid,What is Occam's razor and roughly when did William of Occam discuss it?,[183],1,"[183, 495, 187, 238, 185]",1.0,1.0,1.0,1.0,1.0,1.0,1.0,1.0,1.0,1.0,1.0,1.0,1.0,1.0,1.0,1.0
rerank,q018,definition,How does the book formally define overfitting of a hypothesis?,[190],1,"[190, 40, 357, 326, 325]",1.0,1.0,1.0,1.0,1.0,1.0,1.0,1.0,1.0,1.0,1.0,1.0,1.0,1.0,1.0,1.0
rerank,q019,procedural,How does reduced-error pruning decide which decision nodes to prune?,[196],1,"[196, 198, 202, 201, 200]",1.0,1.0,1.0,1.0,1.0,1.0,1.0,1.0,1.0,1.0,1.0,1.0,1.0,1.0,1.0,1.0
rerank,q020,procedural,What are the steps of rule post-pruning as used by C4.5?,"[200, 201]",1,"[200, 201, 863, 838, 159]",1.0,0.5,1.0,1.0,1.0,1.0,1.0,1.0,1.0,1.0,1.0,1.0,1.0,1.0,1.0,1.0
rerank,q021,procedural,How can ID3 handle a continuous-valued attribute such as Temperature?,[204],1,"[204, 170, 188, 890, 218]",1.0,1.0,1.0,1.0,1.0,1.0,1.0,1.0,1.0,1.0,1.0,1.0,1.0,1.0,1.0,1.0
rerank,q022,reasoning,"Why does information gain favor attributes like Date, and what alternative measure fixes this?","[207, 208]",1,"[207, 171, 208, 168, 163]",1.0,0.5,1.0,1.0,1.0,1.0,1.0,0.9197207891481876,1.0,1.0,1.0,0.9197207891481876,1.0,1.0,1.0,0.9197207891481876
rerank,q023,factoid,What is the input to ALVINN's neural network?,[254],1,"[254, 260, 333, 60, 1031]",1.0,1.0,1.0,1.0,1.0,1.0,1.0,1.0,1.0,1.0,1.0,1.0,1.0,1.0,1.0,1.0
rerank,q024,definition,What does a perceptron compute?,[262],1,"[262, 264, 263, 265, 269]",1.0,1.0,1.0,1.0,1.0,1.0,1.0,1.0,1.0,1.0,1.0,1.0,1.0,1.0,1.0,1.0
rerank,q025,concept,"When can the perceptron training rule fail to converge, and which rule addresses this?",[270],1,"[270, 1131, 283, 269, 267]",1.0,1.0,1.0,1.0,1.0,1.0,1.0,1.0,1.0,1.0,1.0,1.0,1.0,1.0,1.0,1.0
rerank,q026,concept,What are the two main practical difficulties with gradient descent?,[279],1,"[279, 759, 305, 278, 276]",1.0,1.0,1.0,1.0,1.0,1.0,1.0,1.0,1.0,1.0,1.0,1.0,1.0,1.0,1.0,1.0
rerank,q027,definition,What error does the Backpropagation algorithm try to minimize?,[292],1,"[292, 305, 345, 319, 356]",1.0,1.0,1.0,1.0,1.0,1.0,1.0,1.0,1.0,1.0,1.0,1.0,1.0,1.0,1.0,1.0
rerank,q028,concept,What is the momentum term in Backpropagation and why is it useful?,"[298, 299]",1,"[298, 305, 356, 315, 312]",1.0,0.5,1.0,1.0,1.0,0.5,1.0,0.6131471927654584,1.0,0.5,1.0,0.6131471927654584,1.0,1.0,1.0,0.8315546295836225
rerank,q029,concept,Is Backpropagation guaranteed to find the global minimum error?,"[305, 356]",1,"[305, 294, 279, 345, 278]",1.0,0.5,1.0,1.0,1.0,0.5,1.0,0.6131471927654584,1.0,0.5,1.0,0.6131471927654584,1.0,1.0,1.0,0.8175295903539445
rerank,q030,concept,What kinds of functions can be represented by a network with two layers of units?,[309],1,"[309, 310, 315, 634, 356]",1.0,1.0,1.0,1.0,1.0,1.0,1.0,1.0,1.0,1.0,1.0,1.0,1.0,1.0,1.0,1.0
rerank,q031,reasoning,Why is training until the training error falls below a threshold a poor stopping criterion for Backpropagation?,[319],1,"[319, 352, 1008, 689, 1026]",1.0,1.0,1.0,1.0,1.0,1.0,1.0,1.0,1.0,1.0,1.0,1.0,1.0,1.0,1.0,1.0
rerank,q032,factoid,How many images were in the face recognition dataset and at what resolution?,[329],1,"[329, 1197, 330, 327, 334]",1.0,1.0,1.0,1.0,1.0,1.0,1.0,1.0,1.0,1.0,1.0,1.0,1.0,1.0,1.0,1.0
rerank,q033,definition,What are recurrent neural networks?,"[348, 357]",1,"[348, 351, 349, 388, 1222]",1.0,0.5,1.0,1.0,1.0,0.5,1.0,0.6131471927654584,1.0,0.5,1.0,0.6131471927654584,1.0,1.0,1.0,0.8065735963827293
rerank,q034,definition,What is the difference between sample error and true error of a hypothesis?,[398],1,"[398, 430, 406, 400, 444]",1.0,1.0,1.0,1.0,1.0,1.0,1.0,1.0,1.0,1.0,1.0,1.0,1.0,1.0,1.0,1.0
rerank,q035,numeric,"If a hypothesis makes 12 errors on 40 independent test examples, what is the approximate 95% confidence interval for its true error?","[418, 400]",1,"[418, 401, 400, 448, 417]",1.0,0.5,1.0,1.0,1.0,1.0,1.0,0.9197207891481876,1.0,1.0,1.0,0.9197207891481876,1.0,1.0,1.0,0.9197207891481876
rerank,q036,procedural,How can we statistically compare two learning algorithms rather than two hypotheses?,[434],1,"[434, 393, 472, 76, 999]",1.0,1.0,1.0,1.0,1.0,1.0,1.0,1.0,1.0,1.0,1.0,1.0,1.0,1.0,1.0,1.0
rerank,q037,numeric,"In the cancer lab-test example, what fraction of the population has the disease and how accurate is the test?",[470],1,"[470, 559, 448, 735, 390]",1.0,1.0,1.0,1.0,1.0,1.0,1.0,1.0,1.0,1.0,1.0,1.0,1.0,1.0,1.0,1.0
rerank,q038,concept,Under what conditions does every consistent learner output a MAP hypothesis?,[478],1,"[478, 479, 477, 598, 924]",1.0,1.0,1.0,1.0,1.0,1.0,1.0,1.0,1.0,1.0,1.0,1.0,1.0,1.0,1.0,1.0
rerank,q039,concept,How does the Minimum Description Length principle relate to MAP hypotheses?,[495],2,"[497, 495, 561, 500, 558]",0.0,0.0,0.0,0.0,1.0,1.0,0.5,0.6309297535714575,1.0,1.0,0.5,0.6309297535714575,1.0,1.0,0.5,0.6309297535714575
rerank,q040,concept,What does the Gibbs algorithm do and why is it used instead of the Bayes optimal classifier?,[504],1,"[504, 506, 464, 555, 502]",1.0,1.0,1.0,1.0,1.0,1.0,1.0,1.0,1.0,1.0,1.0,1.0,1.0,1.0,1.0,1.0
rerank,q041,concept,How does the naive Bayes learner form its hypothesis without searching the hypothesis space?,[510],1,"[510, 509, 461, 507, 824]",1.0,1.0,1.0,1.0,1.0,1.0,1.0,1.0,1.0,1.0,1.0,1.0,1.0,1.0,1.0,1.0
rerank,q042,reasoning,"Why are simple frequency estimates problematic for naive Bayes when counts are small, and what fixes it?","[513, 514]",,"[509, 511, 510, 518, 461]",0.0,0.0,0.0,0.0,0.0,0.0,0.0,0.0,0.0,0.0,0.0,0.0,0.0,0.0,0.0,0.0
rerank,q043,numeric,How accurate was naive Bayes at classifying usenet articles into 20 newsgroups?,"[523, 521]",3,"[524, 522, 521, 523, 515]",0.0,0.0,0.0,0.0,1.0,0.5,0.3333333333333333,0.3065735963827292,1.0,1.0,0.3333333333333333,0.5706417189553201,1.0,1.0,0.3333333333333333,0.5706417189553201
rerank,q044,definition,When is a random variable X conditionally independent of Y given Z?,[528],1,"[528, 532, 529, 525, 551]",1.0,1.0,1.0,1.0,1.0,1.0,1.0,1.0,1.0,1.0,1.0,1.0,1.0,1.0,1.0,1.0
rerank,q045,definition,What is sample complexity in computational learning theory?,[597],,"[1189, 584, 616, 617, 610]",0.0,0.0,0.0,0.0,0.0,0.0,0.0,0.0,0.0,0.0,0.0,0.0,0.0,0.0,0.0,0.0
rerank,q046,definition,What is an agnostic learner?,[603],1,"[603, 125, 956, 104, 177]",1.0,1.0,1.0,1.0,1.0,1.0,1.0,1.0,1.0,1.0,1.0,1.0,1.0,1.0,1.0,1.0
rerank,q047,definition,How is the Vapnik-Chervonenkis dimension of a hypothesis space defined?,[622],2,"[618, 622, 619, 624, 115]",0.0,0.0,0.0,0.0,1.0,1.0,0.5,0.6309297535714575,1.0,1.0,0.5,0.6309297535714575,1.0,1.0,0.5,0.6309297535714575
rerank,q048,procedural,How does the HALVING algorithm make predictions?,[642],2,"[649, 642, 645, 644, 1118]",0.0,0.0,0.0,0.0,1.0,1.0,0.5,0.6309297535714575,1.0,1.0,0.5,0.6309297535714575,1.0,1.0,0.5,0.6309297535714575
rerank,q049,procedural,How does k-nearest neighbor classify a new instance with a discrete-valued target?,[674],2,"[678, 674, 675, 671, 698]",0.0,0.0,0.0,0.0,1.0,1.0,0.5,0.6309297535714575,1.0,1.0,0.5,0.6309297535714575,1.0,1.0,0.5,0.6309297535714575
rerank,q050,procedural,How does distance-weighted nearest neighbor weight each neighbor's vote?,[678],1,"[678, 680, 682, 674, 1193]",1.0,1.0,1.0,1.0,1.0,1.0,1.0,1.0,1.0,1.0,1.0,1.0,1.0,1.0,1.0,1.0
rerank,q051,factoid,What is the CADET system and how many designs does its library contain?,[699],2,"[704, 699, 705, 703, 731]",0.0,0.0,0.0,0.0,1.0,1.0,0.5,0.6309297535714575,1.0,1.0,0.5,0.6309297535714575,1.0,1.0,0.5,0.6309297535714575
rerank,q052,concept,What is the difference between lazy and eager learning methods?,[706],2,"[707, 706, 710, 709, 673]",0.0,0.0,0.0,0.0,1.0,1.0,0.5,0.6309297535714575,1.0,1.0,0.5,0.6309297535714575,1.0,1.0,0.5,0.6309297535714575
rerank,q053,concept,What is a key advantage of radial basis function networks over Backpropagation-trained networks?,[697],1,"[697, 356, 711, 1221, 710]",1.0,1.0,1.0,1.0,1.0,1.0,1.0,1.0,1.0,1.0,1.0,1.0,1.0,1.0,1.0,1.0
rerank,q054,concept,How do genetic algorithms generate new hypotheses?,[735],2,"[739, 735, 734, 789, 135]",0.0,0.0,0.0,0.0,1.0,1.0,0.5,0.6309297535714575,1.0,1.0,0.5,0.6309297535714575,1.0,1.0,0.5,0.6309297535714575
rerank,q055,procedural,How does the crossover operator produce offspring in a genetic algorithm?,[744],1,"[744, 736, 753, 768, 740]",1.0,1.0,1.0,1.0,1.0,1.0,1.0,1.0,1.0,1.0,1.0,1.0,1.0,1.0,1.0,1.0
rerank,q056,definition,What is tournament selection in genetic algorithms?,[749],4,"[1228, 768, 760, 749, 735]",0.0,0.0,0.0,0.0,0.0,0.0,0.0,0.0,1.0,1.0,0.25,0.43067655807339306,1.0,1.0,0.25,0.43067655807339306
rerank,q057,concept,What did Lamarck propose about evolution?,[779],,"[780, 794, 537, 104, 1072]",0.0,0.0,0.0,0.0,0.0,0.0,0.0,0.0,0.0,0.0,0.0,0.0,0.0,0.0,0.0,0.0
rerank,q058,concept,How does the Baldwin effect say individual learning can speed up evolution?,[784],2,"[783, 784, 781, 970, 762]",0.0,0.0,0.0,0.0,1.0,1.0,0.5,0.6309297535714575,1.0,1.0,0.5,0.6309297535714575,1.0,1.0,0.5,0.6309297535714575
rerank,q059,definition,What is a sequential covering algorithm?,"[825, 826, 836, 886]",2,"[833, 836, 931, 942, 873]",0.0,0.0,0.0,0.0,1.0,0.25,0.5,0.2960819109658652,1.0,0.25,0.5,0.24630238874073,1.0,0.5,0.5,0.369453583111095
rerank,q060,concept,How do the rules learned by FOIL differ from general Horn clauses?,[850],1,"[850, 862, 1053, 1067, 942]",1.0,1.0,1.0,1.0,1.0,1.0,1.0,1.0,1.0,1.0,1.0,1.0,1.0,1.0,1.0,1.0
rerank,q061,concept,What does it mean to view induction as inverted deduction?,[864],2,"[866, 864, 881, 1004, 1065]",0.0,0.0,0.0,0.0,1.0,1.0,0.5,0.6309297535714575,1.0,1.0,0.5,0.6309297535714575,1.0,1.0,0.5,0.6309297535714575
rerank,q062,definition,When is a domain theory considered correct and complete?,[927],1,"[927, 961, 930, 945, 970]",1.0,1.0,1.0,1.0,1.0,1.0,1.0,1.0,1.0,1.0,1.0,1.0,1.0,1.0,1.0,1.0
rerank,q063,factoid,What kind of domain theory does the KBANN algorithm assume?,"[1013, 1065]",1,"[1013, 1011, 1017, 1021, 1012]",1.0,0.5,1.0,1.0,1.0,0.5,1.0,0.6131471927654584,1.0,0.5,1.0,0.6131471927654584,1.0,0.5,1.0,0.6131471927654584
rerank,q064,concept,What extra information does TANGENTPROP use during training?,"[1028, 1027, 1066]",3,"[1035, 1036, 1066, 1037, 1027]",0.0,0.0,0.0,0.0,1.0,0.3333333333333333,0.3333333333333333,0.23463936301137822,1.0,0.6666666666666666,0.3333333333333333,0.41618115554873086,1.0,1.0,0.3333333333333333,0.5833416105149332
rerank,q065,numeric,How many games did TD-GAMMON train on to become nearly equal to the best human players?,[1097],1,"[1097, 1132, 11, 1138, 12]",1.0,1.0,1.0,1.0,1.0,1.0,1.0,1.0,1.0,1.0,1.0,1.0,1.0,1.0,1.0,1.0
rerank,q066,definition,How is the Q function defined in Q learning?,"[1110, 1143]",10,"[1112, 1136, 1137, 1118, 1114]",0.0,0.0,0.0,0.0,0.0,0.0,0.0,0.0,0.0,0.0,0.0,0.0,0.0,0.0,0.0,0.0
rerank,q067,reasoning,Why is it risky for a Q learning agent to always pick the action with the highest current Q value?,"[1123, 1124]",1,"[1123, 1124, 1118, 1115, 1110]",1.0,0.5,1.0,1.0,1.0,1.0,1.0,1.0,1.0,1.0,1.0,1.0,1.0,1.0,1.0,1.0
rerank,q068,definition,What is temporal difference learning?,"[1133, 1143]",4,"[1232, 63, 1170, 1143, 923]",0.0,0.0,0.0,0.0,0.0,0.0,0.0,0.0,1.0,0.5,0.25,0.2640681225725909,1.0,0.5,0.25,0.2640681225725909
rerank,q069,concept,Why is the lookup-table representation of Q a limitation?,[1136],1,"[1136, 1137, 1121, 1114, 1122]",1.0,1.0,1.0,1.0,1.0,1.0,1.0,1.0,1.0,1.0,1.0,1.0,1.0,1.0,1.0,1.0
